keyword,position,link
liffe,0,https://www.rtvslo.si/kultura/liffe
izza,0,https://www.rtvslo.si/zidovi
zidov,0,https://www.rtvslo.si/zidovi
zidovi,2,https://www.rtvslo.si/zidovi
univerza,0,https://www.rtvslo.si/univerza100
100,0,https://www.rtvslo.si/univerza100
varuh,0,https://www.rtvslo.si/varuh
varuhinja,0,https://www.rtvslo.si/varuh
vreme,0,https://www.rtvslo.si/vreme
vremenska,0,https://www.rtvslo.si/vreme
napoved,0,https://www.rtvslo.si/vreme
promet,0,https://www.rtvslo.si/stanje-na-cestah
stanje,0,https://www.rtvslo.si/stanje-na-cestah
cestah,0,https://www.rtvslo.si/stanje-na-cestah
ceste,1,https://www.rtvslo.si/stanje-na-cestah
op,0,https://otroski.rtvslo.si/
otroški,0,https://otroski.rtvslo.si/
portal,0,https://otroski.rtvslo.si/
zkp,0,https://zkp.rtvslo.si/
založba,0,https://zkp.rtvslo.si/
prekmurje,1,https://www.rtvslo.si/prekmurje
prispevek,0,https://www.rtvslo.si/rtv/rtv-prispevek
naročnina,2,https://www.rtvslo.si/rtv/rtv-prispevek
plačilo,4,https://www.rtvslo.si/rtv/rtv-prispevek